변수,원본 왜도,로그변환 왜도,루트변환 왜도,박스콕스 왜도,Yeo-Johnson 왜도,최적 변환
V1,2.2650578196423745,-0.07616951263261118,0.5061066012831177,-0.01293135238114107,-0.01293137422378724,박스콕스
V2,3.0411014093614064,0.4054138005682388,1.3005878008142167,0.0017726902100979722,0.020210602838631984,박스콕스
V3,3.041101409361407,0.0843338264693496,1.3005878008142173,0.0017727173697233147,0.0018260612695614972,박스콕스
V4,0.5638649601187289,-0.9723794624031394,-0.059456362623799094,-0.04997101699557582,-0.04750796765524092,Yeo-Johnson
